<application>
  <component name="FileTypeManager" version="18">
    <ignoreFiles list="*$py.class;*.pyc;*.pyo;*.rbc;*.yarb;*~;.DS_Store;.git;.hg;.svn;CVS;__pycache__;_svn;vssver.scc;vssver2.scc;" />
    <extensionMap>
      <mapping pattern="Askfile" type="JSON" />
      <mapping pattern="keywords" type="PLAIN_TEXT" />
      <mapping pattern="hi" type="PLAIN_TEXT" />
      <mapping pattern=".env.stg" type="PLAIN_TEXT" />
      <mapping pattern="crontab" type="PLAIN_TEXT" />
      <mapping pattern=".env.dev" type="PLAIN_TEXT" />
      <mapping pattern=".env" type="PLAIN_TEXT" />
      <mapping pattern=".dontdelete" type="PLAIN_TEXT" />
      <mapping pattern="text" type="PLAIN_TEXT" />
      <mapping pattern=".coveragerc" type="PLAIN_TEXT" />
      <mapping ext="dev" type="PLAIN_TEXT" />
      <mapping ext="ask" type="Python" />
      <mapping ext="db" type="XML" />
    </extensionMap>
  </component>
</application>