<profile version="1.0">
  <option name="myName" value="Default" />
  <inspection_tool class="Eslint" enabled="true" level="WARNING" enabled_by_default="true" />
  <inspection_tool class="PyPackageRequirementsInspection" enabled="true" level="WARNING" enabled_by_default="true">
    <option name="ignoredPackages">
      <value>
        <list size="61">
          <item index="0" class="java.lang.String" itemvalue="re" />
          <item index="1" class="java.lang.String" itemvalue="json" />
          <item index="2" class="java.lang.String" itemvalue="config" />
          <item index="3" class="java.lang.String" itemvalue="apiclient" />
          <item index="4" class="java.lang.String" itemvalue="coverage" />
          <item index="5" class="java.lang.String" itemvalue="dnspython" />
          <item index="6" class="java.lang.String" itemvalue="requests" />
          <item index="7" class="java.lang.String" itemvalue="bootstrap4" />
          <item index="8" class="java.lang.String" itemvalue="django-bootstrap4" />
          <item index="9" class="java.lang.String" itemvalue="mysqlclient" />
          <item index="10" class="java.lang.String" itemvalue="pkg-resources" />
          <item index="11" class="java.lang.String" itemvalue="oauth2client" />
          <item index="12" class="java.lang.String" itemvalue="protobuf" />
          <item index="13" class="java.lang.String" itemvalue="rsa" />
          <item index="14" class="java.lang.String" itemvalue="googleapis-common-protos" />
          <item index="15" class="java.lang.String" itemvalue="more-itertools" />
          <item index="16" class="java.lang.String" itemvalue="pluggy" />
          <item index="17" class="java.lang.String" itemvalue="python-dotenv" />
          <item index="18" class="java.lang.String" itemvalue="httplib2" />
          <item index="19" class="java.lang.String" itemvalue="py" />
          <item index="20" class="java.lang.String" itemvalue="pyasn1" />
          <item index="21" class="java.lang.String" itemvalue="imap-tools" />
          <item index="22" class="java.lang.String" itemvalue="sqlparse" />
          <item index="23" class="java.lang.String" itemvalue="pyasn1-modules" />
          <item index="24" class="java.lang.String" itemvalue="requests-oauthlib" />
          <item index="25" class="java.lang.String" itemvalue="certifi" />
          <item index="26" class="java.lang.String" itemvalue="oauthlib" />
          <item index="27" class="java.lang.String" itemvalue="google-auth-httplib2" />
          <item index="28" class="java.lang.String" itemvalue="soupsieve" />
          <item index="29" class="java.lang.String" itemvalue="urllib3" />
          <item index="30" class="java.lang.String" itemvalue="pyparsing" />
          <item index="31" class="java.lang.String" itemvalue="google-api-core" />
          <item index="32" class="java.lang.String" itemvalue="beautifulsoup4" />
          <item index="33" class="java.lang.String" itemvalue="uritemplate" />
          <item index="34" class="java.lang.String" itemvalue="six" />
          <item index="35" class="java.lang.String" itemvalue="google-auth-oauthlib" />
          <item index="36" class="java.lang.String" itemvalue="pytest" />
          <item index="37" class="java.lang.String" itemvalue="iniconfig" />
          <item index="38" class="java.lang.String" itemvalue="asgiref" />
          <item index="39" class="java.lang.String" itemvalue="packaging" />
          <item index="40" class="java.lang.String" itemvalue="toml" />
          <item index="41" class="java.lang.String" itemvalue="attrs" />
          <item index="42" class="java.lang.String" itemvalue="chardet" />
          <item index="43" class="java.lang.String" itemvalue="Django" />
          <item index="44" class="java.lang.String" itemvalue="cachetools" />
          <item index="45" class="java.lang.String" itemvalue="google-api-python-client" />
          <item index="46" class="java.lang.String" itemvalue="pytz" />
          <item index="47" class="java.lang.String" itemvalue="google-auth" />
          <item index="48" class="java.lang.String" itemvalue="idna" />
          <item index="49" class="java.lang.String" itemvalue="PyJWT" />
          <item index="50" class="java.lang.String" itemvalue="Flask-Cors" />
          <item index="51" class="java.lang.String" itemvalue="Werkzeug" />
          <item index="52" class="java.lang.String" itemvalue="SQLAlchemy" />
          <item index="53" class="java.lang.String" itemvalue="MarkupSafe" />
          <item index="54" class="java.lang.String" itemvalue="click" />
          <item index="55" class="java.lang.String" itemvalue="Flask-SQLAlchemy" />
          <item index="56" class="java.lang.String" itemvalue="Jinja2" />
          <item index="57" class="java.lang.String" itemvalue="Flask-Limiter" />
          <item index="58" class="java.lang.String" itemvalue="itsdangerous" />
          <item index="59" class="java.lang.String" itemvalue="limits" />
          <item index="60" class="java.lang.String" itemvalue="Flask" />
        </list>
      </value>
    </option>
  </inspection_tool>
</profile>